000001,融资融券
000001,深股通
000001,证金持股
000001,跨境支付(CIPS)
000001,高股息精选
000002,融资融券
000002,冷链物流
000002,租售同权
000002,物业管理
000002,装配式建筑
000002,深股通
000002,体育产业
000002,超级品牌
000002,证金持股
000002,智能物流
000002,冰雪产业
000002,漂亮100
000004,5G
000004,华为概念
000004,电力物联网
000004,数据安全
000004,鸿蒙概念
000004,信创
000004,人脸识别
000004,车联网(车路协同)
000004,物联网
000004,网络安全
000004,人工智能
000004,互联网金融
000004,工业互联网
000004,云计算
000004,手机游戏
000004,粤港澳大湾区
000004,ST板块
000004,抖音概念(字节概念)
000005,—
000006,融资融券
000006,物业管理
000006,深股通
000006,证金持股
000006,深圳国企改革
000006,国企改革
000006,粤港澳大湾区
000006,新型城镇化
000007,物业管理
000007,粤港澳大湾区
000008,锂电池概念
000008,腾讯概念
000008,华为概念
000008,融资融券
000008,职业教育
000008,高铁
000008,深股通
000008,机器人概念
000008,智慧城市
000008,一带一路
000008,国企改革
000008,央企国企改革
000008,PPP概念
000008,智能物流
000009,锂电池概念
000009,储能
000009,动力电池回收
000009,金属回收
000009,融资融券
000009,小金属概念
000009,固态电池
000009,钠离子电池
000009,比亚迪概念
000009,减速器
000009,物业管理
000009,农机
000009,稀土永磁
000009,军工
000009,充电桩
000009,深股通
000009,无线充电
000009,一带一路
000009,石墨烯
000009,创投
000009,燃料电池
000009,石墨电极
000009,3D打印
000009,土地流转
000009,宁德时代概念
000009,新能源汽车
000009,粤港澳大湾区
000009,金属钴
000009,分拆上市意愿
000009,金属镍
000009,高压快充
600001,—
600002,—
600003,—
600004,融资融券
600004,中特估100
600004,沪股通
600004,国企改革
600004,免税店
600004,粤港澳大湾区
600004,2024年报预增
600005,—
600006,碳中和
600006,融资融券
600006,冷链物流
600006,氢能源
600006,车联网(车路协同)
600006,智能交通
600006,无人驾驶
600006,沪股通
600006,燃料电池
600006,国企改革
600006,新能源汽车
600006,央企国企改革
600006,智能物流
600006,一体化压铸
600006,DeepSeek概念
600007,融资融券
600007,中特估100
600007,物业管理
600007,沪股通
600007,国企改革
600007,中字头股票
600007,高股息精选
600009,上海国企改革
600009,融资融券
600009,中特估100
600009,证金持股
600009,沪股通
600009,上海自贸区
600009,国企改革
600009,漂亮100
600009,2024年报预增
000010,抽水蓄能
000010,煤炭概念
000010,水利
000010,PPP概念
000010,新型城镇化
000011,化债概念(AMC概念)
000011,物业管理
000011,深股通
000011,一带一路
000011,深圳国企改革
000011,国企改革
000011,粤港澳大湾区
000011,新型城镇化
000012,光伏概念
000012,建筑节能
000012,融资融券
000012,汽车电子
000012,特斯拉概念
000012,军工
000012,深股通
000012,一带一路
000012,OLED
000012,雄安新区
000012,消费电子概念
000012,光伏建筑一体化
000012,低辐射玻璃(Low-E)
000014,物业管理
000014,深圳国企改革
000014,国企改革
000014,粤港澳大湾区
000016,腾讯概念
000016,融资融券
000016,PCB概念
000016,鸿蒙概念
000016,MicroLED概念
000016,AI眼镜
000016,污水处理
000016,深股通
000016,智能穿戴
000016,家用电器
000016,智能家居
000016,网约车
000016,芯片概念
000016,创投
000016,工业互联网
000016,无线耳机
000016,国企改革
000016,MiniLED
000016,电子商务
000016,央企国企改革
000016,PPP概念
000016,消费电子概念
000016,分拆上市意愿
000016,存储芯片
000016,星闪概念
000016,DeepSeek概念
000017,锂电池概念
000017,两轮车
000017,黄金概念
000017,智能穿戴
000017,粤港澳大湾区
000018,—
000019,粮食概念
000019,预制菜
000019,数字乡村
000019,冷链物流
000019,深股通
000019,一带一路
000019,深圳国企改革
000019,国企改革
000019,电子商务
000019,高股息精选
000020,物业管理
000020,粤港澳大湾区
000020,2024年报预增
000021,储能
000021,融资融券
000021,汽车电子
000021,人民币贬值受益
000021,第三代半导体
000021,先进封装
000021,医疗器械概念
000021,深股通
000021,机器人概念
000021,区块链
000021,无人机
000021,物联网
000021,智能电网
000021,芯片概念
000021,超级电容
000021,国企改革
000021,新能源汽车
000021,央企国企改革
000021,智能物流
000021,消费电子概念
000021,共封装光学(CPO)
000021,存储芯片
000023,—
000024,—
600010,融资融券
600010,数据中心
600010,回购增持再贷款概念
600010,特钢概念
600010,稀土永磁
600010,一带一路
600010,氟化工概念
600010,风电
600010,证金持股
600010,沪股通
600010,国企改革
600010,西部大开发
600011,光伏概念
600011,碳中和
600011,绿色电力
600011,超超临界发电
600011,融资融券
600011,风电
600011,核电
600011,证金持股
600011,沪股通
600011,国企改革
600011,央企国企改革
600012,融资融券
600012,智能交通
600012,沪股通
600012,国企改革
600012,PPP概念
600012,高股息精选
600015,融资融券
600015,证金持股
600015,沪股通
600015,跨境支付(CIPS)
600015,高股息精选
600016,融资融券
600016,沪股通
600016,跨境支付(CIPS)
600016,高股息精选
600017,融资融券
600017,航运概念
600017,一带一路
600017,证金持股
600017,沪股通
600017,国企改革
600017,免税店
600017,中韩自贸区
600017,DeepSeek概念
600018,足球概念
600018,上海国企改革
600018,融资融券
600018,F5G概念
600018,中特估100
600018,航运概念
600018,体育产业
600018,一带一路
600018,证金持股
600018,沪股通
600018,上海自贸区
600018,创投
600018,长三角一体化
600018,国企改革
600018,免税店
600018,自由贸易港
600018,参股银行
600018,高股息精选
600019,融资融券
600019,中特估100
600019,特斯拉概念
600019,一带一路
600019,核电
600019,证金持股
600019,沪股通
600019,石墨电极
600019,国企改革
600019,央企国企改革
600019,参股银行
600019,漂亮100
600019,高股息精选
600019,AI智能体
600020,参股保险
600020,融资融券
600020,化债概念(AMC概念)
600020,回购增持再贷款概念
600020,充电桩
600020,文化传媒概念
600020,沪股通
600020,创投
600020,信托概念
600020,国企改革
600020,参股银行
600021,光伏概念
600021,碳交易
600021,储能
600021,绿色电力
600021,超超临界发电
600021,融资融券
600021,氢能源
600021,一带一路
600021,风电
600021,证金持股
600021,沪股通
600021,国企改革
600021,央企国企改革
600022,融资融券
600022,回购增持再贷款概念
600022,特钢概念
600022,机器人概念
600022,沪股通
600022,人工智能
600022,工业互联网
600022,国企改革
600023,绿色电力
600023,超超临界发电
600023,融资融券
600023,可控核聚变
600023,核电
600023,沪股通
600023,国企改革
300010,京津冀一体化
300010,融资融券
300010,AIGC概念
300010,信创
300010,智谱AI
300010,智慧政务
300010,托育服务
300010,语音技术
300010,在线教育
300010,深股通
300010,人工智能
300010,PPP概念
300010,网络直播
300010,财税数字化
300010,2024年报预增
300010,DeepSeek概念
300011,储能
300011,动力电池回收
300011,汽车热管理
300011,语音技术
300011,高铁
300011,机器人概念
300011,一带一路
300011,人工智能
300011,国企改革
300011,高端装备
300011,高压快充
300011,空气能热泵
300012,碳中和
300012,土壤修复
300012,核污染防治
300012,华为概念
300012,融资融券
300012,数据中心
300012,猴痘概念
300012,汽车电子
300012,汽车芯片
300012,流感
300012,房屋检测
300012,低空经济
300012,辅助生殖
300012,CRO概念
300012,基因测序
300012,车联网(车路协同)
300012,PM2.5
300012,食品安全
300012,医疗器械概念
300012,航运概念
300012,深股通
300012,机器人概念
300012,无人机
300012,海工装备
300012,物联网
300012,网络安全
300012,芯片概念
300012,小米概念
300012,互联网金融
300012,创新药
300012,电子商务
300012,新能源汽车
300012,星闪概念
300013,摘帽
300013,冷链物流
300013,统一大市场
300013,跨境电商
300013,车联网(车路协同)
300013,智能交通
300013,一带一路
300013,物联网
300013,国企改革
300013,卫星导航
300013,股权转让(并购重组)
300013,智能物流
300014,锂电池概念
300014,安防
300014,储能
300014,华为概念
300014,融资融券
300014,盐湖提锂
300014,固态电池
300014,钠离子电池
300014,两轮车
300014,飞行汽车(eVTOL)
300014,人形机器人
300014,低空经济
300014,氢能源
300014,深股通
300014,机器人概念
300014,无人机
300014,智能电网
300014,小米概念
300014,燃料电池
300014,无线耳机
300014,新能源汽车
300014,粤港澳大湾区
300014,新型烟草(电子烟)
300014,漂亮100
300014,长安汽车概念
300015,融资融券
300015,虚拟数字人
300015,眼科医疗
300015,互联网医疗
300015,智能医疗
300015,医疗器械概念
300015,养老概念
300015,民营医院
300015,深股通
300015,智能穿戴
300015,人工智能
300015,创投
300015,医美概念
300015,漂亮100
300015,DeepSeek概念
300016,京津冀一体化
300016,专精特新
300016,互联网医疗
300016,阿尔茨海默概念
300016,仿制药一致性评价
300016,基因测序
300016,智能医疗
300016,医药电商
300016,创投
300016,独角兽概念
300016,创新药
300016,电子商务
300017,融资融券
300017,数据中心
300017,数据安全
300017,AIGC概念
300017,元宇宙
300017,虚拟数字人
300017,人民币贬值受益
300017,信创
300017,华为鲲鹏
300017,算力租赁
300017,阿尔茨海默概念
300017,在线教育
300017,深股通
300017,一带一路
300017,网络安全
300017,人工智能
300017,云计算
300017,网络直播
300017,东数西算(算力)
300017,液冷服务器
300017,多模态AI
300017,DeepSeek概念
300018,抽水蓄能
300018,融资融券
300018,专精特新
300018,电力物联网
300018,互联网医疗
300018,家庭医生
300018,血氧仪
300018,基因测序
300018,智能医疗
300018,医疗器械概念
300018,特高压
300018,区块链
300018,核电
300018,智能电网
300018,柔性直流输电
300019,锂电池概念
300019,5G
300019,光伏概念
300019,融资融券
300019,固态电池
300019,比亚迪概念
300019,可控核聚变
300019,装配式建筑
300019,高铁
300019,特高压
300019,军工
300019,深股通
300019,无人机
300019,核电
300019,小米概念
300019,雄安新区
300019,宁德时代概念
300019,西部大开发
300019,新能源汽车
300019,有机硅概念
300019,硅能源
300019,长安汽车概念
300020,阿里巴巴概念
300020,百度概念
300020,华为概念
300020,数据中心
300020,元宇宙
300020,数字乡村
300020,数字经济
300020,华为鲲鹏
300020,数据要素
300020,智慧政务
300020,互联网医疗
300020,家庭医生
300020,车联网(车路协同)
300020,智能交通
300020,智能医疗
300020,机器人概念
300020,智慧城市
300020,无人驾驶
300020,区块链
300020,物联网
300020,人工智能
300020,创投
300020,ETC
300020,数字孪生
300020,ST板块
300020,共同富裕示范区
300020,东数西算(算力)
300021,京津冀一体化
300021,土壤修复
300021,粮食概念
300021,华为概念
300021,数据安全
300021,数字乡村
300021,数字经济
300021,鸿蒙概念
300021,新疆振兴
300021,污水处理
300021,智慧城市
300021,一带一路
300021,物联网
300021,生态农业
300021,人工智能
300021,乡村振兴
300021,雄安新区
300021,土地流转
300021,节能环保
300021,农业种植
300021,数字孪生
300021,西部大开发
300021,云计算
300021,电子商务
300021,水利
300021,PPP概念
300021,新型城镇化
300021,2024年报预增
300021,DeepSeek概念
300022,氢能源
300022,中俄贸易概念
300022,农机
300022,农村电商
300022,机器人概念
300022,乡村振兴
300022,工业大麻
300022,西部大开发
300022,电子商务
300023,—
300024,参股保险
300024,融资融券
300024,国家大基金持股
300024,专精特新
300024,换电概念
300024,比亚迪概念
300024,传感器
300024,新型工业化
300024,智能交通
300024,职业教育
300024,医疗器械概念
300024,养老概念
300024,特斯拉概念
300024,军工
300024,深股通
300024,机器人概念
300024,无人驾驶
300024,芯片概念
300024,人工智能
300024,工业互联网
300024,3D打印
300024,宁德时代概念
300024,机器视觉
300024,国企改革
300024,高端装备
300024,智能物流
688010,安防
688010,华为概念
688010,融资融券
688010,专精特新
688010,商业航天
688010,福建自贸区
688010,军工
688010,机器人概念
688010,军民融合
688010,区块链
688010,沪股通
688011,融资融券
688011,专精特新
688011,黑龙江自贸区
688011,军工
688011,军民融合
688013,融资融券
688013,专精特新
688013,医疗器械概念
688015,京津冀一体化
688015,融资融券
688015,元宇宙
688015,低空经济
688015,车联网(车路协同)
688015,智能交通
688015,区块链
688015,人工智能
688015,DeepSeek概念
688016,融资融券
688016,专精特新
688016,医疗器械概念
688016,沪股通
688017,融资融券
688017,专精特新
688017,减速器
688017,人形机器人
688017,新型工业化
688017,机器人概念
688017,沪股通
688017,新质50
688017,中国AI 50
688018,融资融券
688018,WiFi 6
688018,MCU芯片
688018,语音技术
688018,机器人概念
688018,沪股通
688018,物联网
688018,上海自贸区
688018,芯片概念
688018,人工智能
688018,小米概念
688018,抖音概念(字节概念)
688018,星闪概念
688018,2024年报预增
688018,中国AI 50
688019,融资融券
688019,国家大基金持股
688019,专精特新
688019,中芯国际概念
688019,第三代半导体
688019,光刻胶
688019,先进封装
688019,沪股通
688019,上海自贸区
688019,芯片概念
688019,存储芯片
688021,融资融券
688021,专精特新
688021,氢能源
688021,燃料电池
688021,节能环保
688022,锂电池概念
688022,储能
688022,华为概念
688022,融资融券
688022,专精特新
688022,汽车电子
688022,换电概念
688022,比亚迪概念
688022,汽车热管理
688022,传感器
688022,毫米波雷达
688022,新型工业化
688022,特斯拉概念
688022,充电桩
688022,机器人概念
688022,工业互联网
688022,宁德时代概念
688022,机器视觉
688022,新能源汽车
688023,阿里巴巴概念
688023,百度概念
688023,华为概念
688023,融资融券
688023,数据安全
688023,ChatGPT概念
688023,华为昇腾
688023,信创
688023,数据要素
688023,低空经济
688023,车联网(车路协同)
688023,智慧城市
688023,区块链
688023,无人机
688023,沪股通
688023,物联网
688023,网络安全
688023,人工智能
688023,云计算
688023,量子科技
688023,AI智能体
688023,DeepSeek概念
000026,智能穿戴
000026,国企改革
000026,电子商务
000026,央企国企改革
000026,高股息精选
000027,光伏概念
000027,碳交易
000027,碳中和
000027,储能
000027,绿色电力
000027,超超临界发电
000027,华为概念
000027,互联网保险
000027,融资融券
000027,虚拟电厂
000027,氢能源
000027,固废处理
000027,特高压
000027,天然气
000027,充电桩
000027,深股通
000027,风电
000027,创投
000027,节能环保
000027,参股券商
000027,深圳国企改革
000027,垃圾分类
000027,国企改革
000027,粤港澳大湾区
000027,PPP概念
000027,光伏建筑一体化
000027,高股息精选
000027,DeepSeek概念
000028,融资融券
000028,冷链物流
000028,互联网医疗
000028,智能医疗
000028,深股通
000028,国企改革
000028,央企国企改革
000029,融资融券
000029,物业管理
000029,深股通
000029,深圳国企改革
000029,国企改革
000029,粤港澳大湾区
000030,锂电池概念
000030,储能
000030,动力电池回收
000030,参股保险
000030,融资融券
000030,汽车电子
000030,换电概念
000030,华为汽车
000030,比亚迪概念
000030,汽车热管理
000030,飞行汽车(eVTOL)
000030,小米汽车
000030,智能座舱
000030,低空经济
000030,车联网(车路协同)
000030,智能交通
000030,深股通
000030,无人驾驶
000030,证金持股
000030,小米概念
000030,宁德时代概念
000030,国企改革
000030,新能源汽车
000030,长安汽车概念
000030,高股息精选
000031,融资融券
000031,深股通
000031,证金持股
000031,国企改革
000031,粤港澳大湾区
000031,央企国企改革
000031,新型城镇化
600026,融资融券
600026,人民币贬值受益
600026,中特估100
600026,回购增持再贷款概念
600026,俄乌冲突概念
600026,航运概念
600026,天然气
600026,一带一路
600026,证金持股
600026,沪股通
600026,上海自贸区
600026,国企改革
600026,央企国企改革
600026,中字头股票
600027,绿色电力
600027,超超临界发电
600027,融资融券
600027,虚拟电厂
600027,风电
600027,证金持股
600027,沪股通
600027,国企改革
600027,央企国企改革
600027,股权转让(并购重组)
600027,高股息精选
600028,融资融券
600028,中特估100
600028,回购增持再贷款概念
600028,氢能源
600028,可燃冰
600028,煤化工概念
600028,天然气
600028,页岩气
600028,一带一路
600028,证金持股
600028,沪股通
600028,国企改革
600028,央企国企改革
600028,中字头股票
600028,高股息精选
600029,融资融券
600029,证金持股
600029,沪股通
600029,国企改革
600029,央企国企改革
600030,融资融券
600030,中特估100
600030,期货概念
600030,证金持股
600030,沪股通
600030,漂亮100
600031,融资融券
600031,人民币贬值受益
600031,农机
600031,机器人概念
600031,一带一路
600031,证金持股
600031,沪股通
600031,高端装备
600031,漂亮100
000032,安防
000032,碳中和
000032,绿色电力
000032,融资融券
000032,专精特新
000032,数据中心
000032,数据安全
000032,元宇宙
000032,数字乡村
000032,数字经济
000032,中芯国际概念
000032,国资云
000032,信创
000032,华为鲲鹏
000032,数据要素
000032,算力租赁
000032,AI语料
000032,智谱AI
000032,数据确权
000032,智慧政务
000032,低空经济
000032,智能交通
000032,高铁
000032,深股通
000032,智慧城市
000032,体育产业
000032,人工智能
000032,乡村振兴
000032,国产操作系统
000032,数字孪生
000032,国企改革
000032,云计算
000032,粤港澳大湾区
000032,央企国企改革
000032,柔性屏(折叠屏)
000032,东数西算(算力)
000032,DeepSeek概念
000033,—
000034,阿里巴巴概念
000034,腾讯概念
000034,华为概念
000034,融资融券
000034,数据中心
000034,数据安全
000034,ChatGPT概念
000034,鸿蒙概念
000034,华为昇腾
000034,信创
000034,华为鲲鹏
000034,英伟达概念
000034,智谱AI
000034,低空经济
000034,回购增持再贷款概念
000034,深股通
000034,机器人概念
000034,无人驾驶
000034,区块链
000034,物联网
000034,网络安全
000034,芯片概念
000034,人工智能
000034,乡村振兴
000034,华为海思概念股
000034,数字孪生
000034,云计算
000034,消费电子概念
000034,抖音概念(字节概念)
000034,东数西算(算力)
000034,液冷服务器
000034,AI智能体
000034,DeepSeek概念
000035,碳交易
000035,储能
000035,绿色电力
000035,融资融券
000035,回购增持再贷款概念
000035,氢能源
000035,固废处理
000035,深股通
000035,机器人概念
000035,风电
000035,人工智能
000035,节能环保
000035,垃圾分类
000035,医疗废物处理
000035,生物质能发电
000036,融资融券
000036,物业管理
000036,深股通
000037,储能
000037,固废处理
000037,核电
000037,节能环保
000037,粤港澳大湾区
000038,—
000039,储能
000039,融资融券
000039,数据中心
000039,冷链物流
000039,智谱AI
000039,出海50
000039,氢能源
000039,可燃冰
000039,航运概念
000039,天然气
000039,深股通
000039,机器人概念
000039,一带一路
000039,风电
000039,核电
000039,海工装备
000039,物联网
000039,人工智能
000039,雄安新区
000039,参股券商
000039,机器视觉
000039,高端装备
000039,粤港澳大湾区
000039,分拆上市意愿
000039,2024年报预增
000039,DeepSeek概念
000039,2025一季报预增
000040,—
000042,融资融券
000042,物业管理
000042,粤港澳大湾区
000045,物业管理
000045,深股通
000045,OLED
000045,深圳国企改革
000045,国企改革
000045,粤港澳大湾区
000045,虚拟现实
000046,—
000048,融资融券
000048,深股通
000048,猪肉
000048,文化传媒概念
000048,乡村振兴
000048,养鸡
000048,粤港澳大湾区
000048,IP经济(谷子经济)
000049,锂电池概念
000049,5G
000049,储能
000049,华为概念
000049,融资融券
000049,固态电池
000049,钠离子电池
000049,人民币贬值受益
000049,比亚迪概念
000049,AI眼镜
000049,苹果概念
000049,深股通
000049,机器人概念
000049,智能穿戴
000049,无人机
000049,物联网
000049,小米概念
000049,无线耳机
000049,新能源汽车
000049,粤港澳大湾区
000049,消费电子概念
000049,果指数
000049,华为手机
600032,光伏概念
600032,绿色电力
600032,抽水蓄能
600032,融资融券
600032,氢能源
600032,风电
600032,沪股通
600032,国企改革
600033,融资融券
600033,回购增持再贷款概念
600033,福建自贸区
600033,沪股通
600033,国企改革
600033,参股银行
600033,海峡两岸
600033,高股息精选
600035,华为概念
600035,融资融券
600035,WiFi 6
600035,氢能源
600035,车联网(车路协同)
600035,智能交通
600035,智能医疗
600035,在线教育
600035,沪股通
600035,物联网
600035,人工智能
600035,ETC
600035,国产操作系统
600035,无线耳机
600035,国企改革
600035,高股息精选
600036,融资融券
600036,中特估100
600036,证金持股
600036,沪股通
600036,漂亮100
600036,跨境支付(CIPS)
600036,高股息精选
600037,5G
600037,华为概念
600037,融资融券
600037,数据中心
600037,云游戏
600037,国资云
600037,智慧城市
600037,证金持股
600037,文化传媒概念
600037,沪股通
600037,物联网
600037,国企改革
600037,央企国企改革
600037,DeepSeek概念
600038,融资融券
600038,飞行汽车(eVTOL)
600038,低空经济
600038,黑龙江自贸区
600038,大飞机
600038,军工
600038,军民融合
600038,无人机
600038,沪股通
600038,国企改革
600038,高端装备
600038,央企国企改革
600038,中字头股票
600038,国产航母
600039,锂电池概念
600039,碳交易
600039,碳中和
600039,融资融券
600039,中特估100
600039,一带一路
600039,沪股通
600039,国企改革
600039,西部大开发
600039,PPP概念
600039,高股息精选
600048,融资融券
600048,租售同权
600048,物业管理
600048,证金持股
600048,智能家居
600048,沪股通
600048,国企改革
600048,央企国企改革
600048,漂亮100
300032,华为概念
300032,元宇宙
300032,人民币贬值受益
300032,智能穿戴
300032,OLED
300032,虚拟现实
300032,消费电子概念
300032,新型烟草(电子烟)
300033,融资融券
300033,AIGC概念
300033,ChatGPT概念
300033,鸿蒙概念
300033,数据要素
300033,AI语料
300033,智能医疗
300033,深股通
300033,证金持股
300033,人工智能
300033,互联网金融
300033,电子商务
300033,多模态AI
300033,AI智能体
300034,京津冀一体化
300034,融资融券
300034,航空发动机
300034,特钢概念
300034,大飞机
300034,军工
300034,深股通
300034,军民融合
300034,核电
300034,国企改革
300034,央企国企改革
300035,锂电池概念
300035,储能
300035,融资融券
300035,专精特新
300035,固态电池
300035,钠离子电池
300035,比亚迪概念
300035,PCB概念
300035,深股通
300035,石墨烯
300035,创投
300035,石墨电极
300035,宁德时代概念
300035,高压快充
300035,2024年报预增
300036,地下管网
300036,举牌
300036,阿里巴巴概念
300036,土壤修复
300036,腾讯概念
300036,华为概念
300036,融资融券
300036,Web3.0
300036,AIGC概念
300036,元宇宙
300036,数字经济
300036,鸿蒙概念
300036,华为昇腾
300036,信创
300036,华为鲲鹏
300036,华为欧拉
300036,数据要素
300036,时空大数据
300036,英伟达概念
300036,空间计算
300036,智慧政务
300036,军工信息化
300036,低空经济
300036,车联网(车路协同)
300036,智能交通
300036,军工
300036,深股通
300036,智慧城市
300036,无人驾驶
300036,区块链
300036,无人机
300036,人工智能
300036,乡村振兴
300036,数字孪生
300036,水利
300036,卫星导航
300036,虚拟现实
300036,MR(混合现实)
300036,多模态AI
300036,AI智能体
300036,DeepSeek概念
300037,锂电池概念
300037,融资融券
300037,数据中心
300037,固态电池
300037,钠离子电池
300037,比亚迪概念
300037,特斯拉概念
300037,深股通
300037,氟化工概念
300037,OLED
300037,芯片概念
300037,超级电容
300037,宁德时代概念
300037,新能源汽车
300037,液冷服务器
300038,—
300039,融资融券
300039,肝炎概念
300039,流感
300039,医疗器械概念
300039,深股通
300039,禽流感
300039,创投
300039,创新药
300040,光伏概念
300040,碳中和
300040,储能
300040,绿色电力
300040,抽水蓄能
300040,华为概念
300040,数据中心
300040,虚拟电厂
300040,黑龙江自贸区
300040,高铁
300040,充电桩
300040,风电
300040,智能电网
300040,垃圾分类
300040,光伏建筑一体化
300040,高压快充
300040,生物质能发电
300041,锂电池概念
300041,光伏概念
300041,建筑节能
300041,华为概念
300041,融资融券
300041,固态电池
300041,华为汽车
300041,比亚迪概念
300041,先进封装
300041,小米汽车
300041,BC电池
300041,高铁
300041,大飞机
300041,军工
300041,深股通
300041,风电
300041,芯片概念
300041,小米概念
300041,创投
300041,雄安新区
300041,宁德时代概念
300041,华为海思概念股
300041,新能源汽车
300041,有机硅概念
300041,光伏建筑一体化
300042,融资融券
300042,知识产权保护
300042,虚拟数字人
300042,人民币贬值受益
300042,汽车芯片
300042,时空大数据
300042,算力租赁
300042,AI眼镜
300042,深股通
300042,智慧城市
300042,智能穿戴
300042,芯片概念
300042,国企改革
300042,电子商务
300042,粤港澳大湾区
300042,消费电子概念
300042,东数西算(算力)
300042,存储芯片
300042,DeepSeek概念
300043,足球概念
300043,腾讯概念
300043,华为概念
300043,云游戏
300043,元宇宙
300043,人民币贬值受益
300043,鸿蒙概念
300043,横琴新区
300043,三胎概念
300043,电子竞技
300043,跨境电商
300043,网络游戏
300043,体育产业
300043,文化传媒概念
300043,人工智能
300043,数字货币
300043,电子商务
300043,手机游戏
300043,粤港澳大湾区
300043,网络直播
300043,分拆上市意愿
300043,抖音概念(字节概念)
300043,NFT概念
300043,IP经济(谷子经济)
300044,安防
300044,5G
300044,数据中心
300044,数据要素
300044,时空大数据
300044,新型工业化
300044,低空经济
300044,人脸识别
300044,车联网(车路协同)
300044,智能交通
300044,养老概念
300044,网络游戏
300044,农村电商
300044,军工
300044,机器人概念
300044,智慧城市
300044,军民融合
300044,无人驾驶
300044,无人机
300044,人工智能
300044,乡村振兴
300044,机器视觉
300044,手机游戏
300044,粤港澳大湾区
300044,PPP概念
300044,ST板块
300044,抖音概念(字节概念)
300045,融资融券
300045,6G概念
300045,成飞概念
300045,时空大数据
300045,飞行汽车(eVTOL)
300045,毫米波雷达
300045,军工信息化
300045,商业航天
300045,低空经济
300045,车联网(车路协同)
300045,农机
300045,大飞机
300045,军工
300045,深股通
300045,智慧城市
300045,军民融合
300045,无人驾驶
300045,无人机
300045,网络安全
300045,芯片概念
300045,人工智能
300045,创投
300045,工业互联网
300045,独角兽概念
300045,数字孪生
300045,卫星导航
300045,虚拟现实
300045,消费电子概念
300046,储能
300046,融资融券
300046,专精特新
300046,第三代半导体
300046,深股通
300046,芯片概念
300046,股权转让(并购重组)
300046,柔性直流输电
300047,阿里巴巴概念
300047,5G
300047,腾讯概念
300047,百度概念
300047,华为概念
300047,融资融券
300047,数据中心
300047,数据安全
300047,数字经济
300047,ChatGPT概念
300047,鸿蒙概念
300047,华为昇腾
300047,信创
300047,华为鲲鹏
300047,华为欧拉
300047,数据要素
300047,时空大数据
300047,智谱AI
300047,智慧政务
300047,军工信息化
300047,互联网医疗
300047,跨境电商
300047,车联网(车路协同)
300047,智能交通
300047,蚂蚁金服概念
300047,职业教育
300047,在线教育
300047,军工
300047,深股通
300047,机器人概念
300047,智慧城市
300047,无人驾驶
300047,区块链
300047,无人机
300047,移动支付
300047,网络安全
300047,人工智能
300047,乡村振兴
300047,互联网金融
300047,数字货币
300047,云计算
300047,粤港澳大湾区
300047,云办公
300047,东数西算(算力)
300047,存储芯片
300047,财税数字化
300047,AI智能体
300047,DeepSeek概念
300048,光伏概念
300048,储能
300048,融资融券
300048,虚拟电厂
300048,可控核聚变
300048,深股通
300048,核电
300048,节能环保
300048,光伏建筑一体化
300048,DeepSeek概念
300049,参股保险
300049,融资融券
300049,肝炎概念
300049,人民币贬值受益
300049,三胎概念
300049,互联网医疗
300049,家庭医生
300049,智能医疗
300049,医药电商
300049,医疗器械概念
300049,深股通
300049,西部大开发
